Workbook

Sheet Main
A1: Watchlist
A2: numbers in mio USD
A4: # | B4: Name | C4: Ticker | D4: Country | E4: Price | F4: MC | G4: Net Debt | H4: EV | I4: Updated | J4: Nxt Rslts | K4: Date | L4: Price | M4: Change | N4: Target | O4: Sector | P4: Direction | Q4: Notes
A5: 1 | B5: Redcare Pharmacy | C5: RDC.F | D5: GER | E5: =+[8]Main!$J$2 -> 66.3 | F5: =+[8]Main!$J$4*FX!C2 -> 1560.0575 | G5: =(+[8]Main!$J$6-[8]Main!$J$5)*FX!C2 -> 156.81744 | H5: =+F5+G5 -> 1716.8749 | I5: Q225 | J5: 45965 | K5: 45888 | L5: 99.2 | M5: =+E5/L5-1 -> -0.33165323 | O5: Pharmacy | P5: long
A6: =+A5+1 -> 2 | B6: Snap Inc | C6: Snap | D6: USA | E6: =+[9]Main!$I$2 -> 5.29 | F6: =+[9]Main!$I$4 -> 8946.4359 | G6: =+[9]Main!$I$6-[9]Main!$I$5 -> 874.849 | H6: =+F6+G6 -> 9821.2849 | I6: Q225 | J6: 45958 | K6: 45889 | L6: 7.44 | M6: =+E6/L6-1 -> -0.28897849 | O6: Technology | P6: long | Q6: Possible acquisition target
A7: =+A6+1 -> 3 | B7: Lululemon | C7: LULU | D7: CAN | E7: =+[7]Main!$I$2 -> 110.86 | F7: =+[7]Main!$I$4 -> 12021.432 | G7: =+[7]Main!$I$6-[7]Main!$I$5 -> -1514.729 | H7: =+F7+G7 -> 10506.703 | I7: Q225 | J7: 45995 | K7: 45891 | L7: 198.37 | M7: =+E7/L7-1 -> -0.44114533 | O7: (Sports)-Apperal | P7: long
A8: =+A7+1 -> 4 | B8: Virtu Financial | C8: VIRT | D8: USA | E8: =+[10]Main!$H$2 -> 59.96 | F8: =+[10]Main!$H$4 -> 9165.74 | G8: =+[10]Main!$H$6-[10]Main!$H$5 -> 1242.824 | H8: =+F8+G8 -> 10408.564 | I8: Q225 | J8: 45953 | K8: 45902 | L8: 41.3 | M8: =+E8/L8-1 -> 0.45181598 | O8: Financial Services | P8: long
A9: =+A8+1 -> 5 | B9: Alibaba | C9: BABA | D9: CH | E9: =+[11]Main!$J$2 -> 111 | F9: =+[11]Main!$J$5*FX!C3 -> 271263.13 | G9: =+([11]Main!$J$7-[11]Main!$J$6)*FX!C3 -> -41909.56 | H9: =+F9+G9 -> 229353.57 | I9: Q126 | J9: 45981 | K9: 45902 | L9: 134.1 | M9: =+E9/L9-1 -> -0.17225951 | O9: E-Commerce | P9: long
A10: =+A9+1 -> 6 | B10: Brunello Cuchinelli | C10: BC.MI | D10: ITA | E10: =+[12]Main!$J$2 -> 87.92 | F10: =+([12]Main!$J$4)*FX!C2 -> 6994.2647 | G10: =+([12]Main!$J$6-[12]Main!$J$5)*FX!C2 -> 256.17618 | H10: =+F10+G10 -> 7250.4409 | I10: Q225 | J10: 45946 | K10: 45926 | L10: 85.3 | M10: =+E10/L10-1 -> 0.030715123 | O10: Luxury Apperal | P10: long | Q10: 20% drop after Short Report
A11: =+A10+1 -> 7 | B11: Pop Mart | C11: 9992.HK | D11: CHI | E11: =+[13]Main!$I$2 -> 160.9 | F11: =+[13]Main!$I$4*FX!C3 -> 29939.216 | G11: =+([13]Main!$I$6-[13]Main!$I$5)*FX!C3 -> -1927.1995 | H11: =+F11+G11 -> 28012.017 | I11: Q225 | J11: 46078 | K11: 45926 | L11: 256.4 | M11: =+E11/L11-1 -> -0.3724649 | O11: Toys | P11: long | Q11: Labubu Hype
A12: =+A11+1 -> 8 | B12: EBAY | C12: EBAY | D12: USA | E12: =+[14]Main!$H$2 -> 113.5 | F12: =+[14]Main!$H$4 -> 50394 | G12: =+([14]Main!$H$6-[14]Main!$H$5) -> 3827 | H12: =+F12+G12 -> 54221 | I12: Q225 | J12: 45959 | K12: 45934 | L12: 92.17 | M12: =+E12/L12-1 -> 0.2314202 | O12: Marketplace | P12: long
A13: =+A12+1 -> 9 | B13: Fiserv | C13: FI | D13: USA | E13: =+[15]Main!$I$2 -> 50.7 | F13: =+[15]Main!$I$4 -> 27269.091 | G13: =+[15]Main!$I$6-[15]Main!$I$5 -> 29131 | H13: =+F13+G13 -> 56400.091 | I13: Q323 | K13: 45967 | L13: 62.5 | M13: =+E13/L13-1 -> -0.1888 | O13: FinTech | P13: long | Q13: Crash
A14: =+A13+1 -> 10 | B14: ASML | C14: ASML | D14: NE
A15: =+A14+1 -> 11 | B15: QXO | C15: QXO | D15: USA | M15: =+AVERAGE(M5:M13) -> -0.12015002
A16: =+A15+1 -> 12
A17: =+A16+1 -> 13
A18: =+A17+1 -> 14
A19: =+A18+1 -> 15
A20: =+A19+1 -> 16
A21: =+A20+1 -> 17
A22: =+A21+1 -> 18
A23: =+A22+1 -> 19
A24: =+A23+1 -> 20
A25: =+A24+1 -> 21
A26: =+A25+1 -> 22
A27: =+A26+1 -> 23
... A46: =+A45+1 -> 42

Sheet Portfolio
A1: Main
A2: numbers in mio EUR
A4: # | B4: Name | C4: Ticker | D4: Country | E4: Price | F4: MC | G4: Net Debt | H4: EV | I4: Updated | J4: Nxt Rslts | K4: Date | L4: Buy-In | M4: in Euro | N4: Change | O4: Target | P4: Delta | Q4: Sector | S4: Notes
A5: 1 | B5: BAT | C5: BATS.L | D5: UK | E5: =+[1]Main!$H$3 -> 47.45 | F5: =+[1]Main!$H$5*FX!C11 -> 121803.2 | G5: =+([1]Main!$H$7-[1]Main!$H$6)*FX!C11 -> 38077.65 | H5: =+F5+G5 -> 159880.85 | I5: Q425 | J5: 46233 | K5: 45509 | L5: 32.5151 | M5: =+FX!C11*Portfolio!E5 -> 55.5165 | N5: =+M5/L5-1 -> 0.70740671 | O5: =+[1]DCF!$J$4 -> 55.220363 | P5: =+O5/E5-1 -> 0.16375897 | Q5: Tobacco
A6: =+A5+1 -> 2 | B6: PayPal | C6: PYPL | D6: US | E6: =+[2]Main!$I$2 -> 58.7 | F6: =+[2]Main!$I$4*FX!C12 -> 45818.872 | G6: =+([2]Main!$I$6-[2]Main!$I$5)*FX!C12 -> 1886.72 | H6: =+F6+G6 -> 47705.592 | I6: Q126 | J6: 46231 | K6: 45755 | L6: 53.9475 | M6: =+E6*FX!C12 -> 51.656 | N6: =+M6/L6-1 -> -0.042476482 | O6: =+[2]DCF!$J$4 -> 90.720142 | P6: =+O6/E6-1 -> 0.54548793 | Q6: Fintech
A7: =+A6+1 -> 3 | B7: Scandinavian Tobacco | C7: STG.CO | D7: DEN | E7: =+[3]Main!$J$2 -> 71.6 | F7: =+[3]Main!$J$4*FX!C13 -> 731.79496 | G7: =+([3]Main!$J$6-[3]Main!$J$5)*FX!C13 -> 634.439 | H7: =+F7+G7 -> 1366.234 | I7: Q226 | J7: 46338 | K7: 45972 | L7: 11.895 | M7: =+E7*FX!C13 -> 9.308 | N7: =+M7/L7-1 -> -0.21748634 | O7: =+[3]DCF!$J$4 -> 108.99871 | P7: =+O7/E7-1 -> 0.5223283 | Q7: Tobacco
A8: =+A7+1 -> 4 | B8: Porsche SE | C8: PAH3 | D8: GER | E8: =+[4]Main!$I$3 -> 38.98 | F8: =+[4]Main!$I$5 -> 11937.625 | G8: =+[4]Main!$I$7-[4]Main!$I$6 -> 5880 | H8: =+F8+G8 -> 17817.625 | I8: n.a. | J8: n.a. | K8: 45084 | L8: 56.9 | M8: =+[4]Main!$I$3 -> 38.98 | N8: =+M8/L8-1 -> -0.31493849 | O8: N.A. | P8: N.A. | Q8: Automobil
A9: =+A8+1 -> 5 | B9: Frosta AG | C9: NLM.F | D9: GER | E9: =+[5]Main!$H$2 -> 101.5 | F9: =+[5]Main!$H$4 -> 691.4787 | G9: =+[5]Main!$H$6 -> 15.464 | H9: =+F9+G9 -> 706.9427 | I9: Q226 | J9: 46186 | K9: 45698 | L9: 74.495 | M9: =+[5]Main!$H$2 -> 101.5 | N9: =+M9/L9-1 -> 0.36250755 | O9: =+[5]DCF!$J$3 -> 97.407232 | P9: =+O9/E9-1 -> -0.040322842 | Q9: Food
A10: =+A9+1 -> 6 | B10: Kering | C10: KER.PA | D10: FR | E10: =+[6]Main!$H$2 -> 250.5 | F10: =+[6]Main!$H$4 -> 30716.234 | G10: =+[6]Main!$H$6-[6]Main!$H$5 -> 3324 | H10: =+F10+G10 -> 34040.234 | I10: Q126 | J10: 46231 | K10: 45580 | L10: 226.89 | M10: =+[6]Main!$H$2 -> 250.5 | N10: =+M10/L10-1 -> 0.10405924 | O10: =+[6]DCF!$J$4 -> 379.40824 | P10: =+O10/E10-1 -> 0.51460374 | Q10: Apparel
A11: =+A10+1 -> 7 | B11: Lululemon | C11: LULU | D11: US | E11: =+[7]Main!$I$2 -> 110.86 | F11: =+[7]Main!$I$4 -> 12021.432 | G11: =+[7]Main!$I$6-[7]Main!$I$5 -> -1514.729 | H11: =+F11+G11 -> 10506.703 | I11: Q126 | J11: 46268 | Q11: Sports
A12: =+A11+1 -> 8
A13: =+A12+1 -> 9

Sheet FX
A1: Main
B2: EUR/USD | C2: 1.17
B3: RMB/USD | C3: 0.14
B4: DKK/USD | C4: 0.16
B10: Euro FX
B11: GBP/EUR | C11: 1.17
B12: USD/EUR | C12: 0.88
B13: DKK/EUR | C13: 0.13
